insNo,0
n,5
ec,31
supplierNum,cost,prob,qi
1,41,0.609867
2,41,0.619785
3,43,0.7575
4,46,0.771584
5,59,0.802576
KR
